src,dst,amount,timestamp,tx_hash,gas_used,success
819f146b54977b01da4b9edd1944cc06161ec61ac1af4adf978f9a3005bdd3cb,f35cc778552237c6d38ba732f798d7108119905efb5c4997a2eef293ae942374,0,2025-06-20T18:19:00.230Z,A7Nfc4PFAYrBFPAqWpwvEfd7oyMVJA95wikR8D2dhrim,740000,true
ce8542fba423ee5ca8dc84facbf2a05ecdfe7a03ee26393e8b7ff15e64fb9190,9706021e0bbebb2703f2e369100c014e89fd9ca847e6473c744207864beb5a58,0,2025-06-20T18:19:00.230Z,5jCDHPKpiYmFCmsASkdELzMyDUZvU4JTAeYSz9Xe2mBc,740000,true
81af5392027c7cb6b07ece3031b7fe6cab44ad02e318a80c74ff875cc55243df,b3de95adcc329ff8d9e1ecde632a9d39ebd4574c33a3a493a96c3765dc67208f,0,2025-06-20T18:19:00.450Z,Gz6H6M88zabBTp5mmGfvMoDp3ykSKBEX1uvYE2DTVysE,740000,true
68b157c44efa8a91debe58c6b670b2d05b3c374e48e7986fb5c5d40498af909c,6c2d16be6c1661157c9385bd843efd6150e7652ab747f085650073f96d2e2a38,0,2025-06-20T18:19:00.676Z,9p5NX85RJhwTfYyi5ANxoLrH8XfrvbKUAbHMu7d33Axt,740000,true
50f36aef4a4480296ccb4d619ac4e33df1ea71ddcfb00c3abcbcfcdad059a9d9,025cf58a702a69dce2abc6b98a817c91ed61eac5f221e139bc27eb9b8b3c958a,0,2025-06-20T18:19:00.917Z,GgVexELM9z9v8SfoNZvV1PfiZyokLoCFxH9MJx6VzELC,740000,true
7ee2fde3ac357c01115783e19ee7dc95882f016ef6b257f19de8a919a3a8f52a,e3d1d41e10334d52542dd0307031ca124bdce6623864463b989e8da8b2196e40,0,2025-06-20T18:19:01.339Z,CKWRD32SvseDccTCU4JCSMuvdcQQ21E4FqCgJyY9NftV,740000,true
706923a7e2811d4900401a135d7c48b6c6a43a912d7135ea65db50d40263bad7,f40826e54452743858e65fab7e1205ba17eb1a232568ff8ef5de89b2f3fb0dac,0,2025-06-20T18:19:01.561Z,Caq4ufKkJkGL5wnWfpLZqLX1dobnNViHAzejw1Z2WyAX,740000,true
6e889654ac25ce819021b9c37d485f863e8c9082e2feebf945247dca85292d0f,b4d7029407fb3a45d091cadee3e5567f36e6b24f393d0ffce4339f00aa43e1fb,0,2025-06-20T18:19:01.561Z,H5JckvrzaDp4XcFyVL81Sq2dFiXFCAFwQqDd5FJa3HSQ,740000,true
257e054c5d0377e1b0477957303fe2109e66c2e40193e848d5174aa4191f3b4e,562a7e7f07d310685b252335364ba28b693fe9765e64d90d237bd3dd7fc3495f,0,2025-06-20T18:19:01.767Z,Aubr3EnsF7JLFkLWqMMdgLwygdcEh5u54dqRtKhL8WoM,740000,true
30a6809ba6431a48b01199d0f53a87d436bafc5616a5ecf7409583b61eb9d858,8fd081652bcbb414f9b59a3afbac8ec767bc6d7c1c3b0ec1aa25915f2bd449d6,0,2025-06-20T18:19:02.444Z,Amjcdn8qY93u3gfxuiLhVrgVRy3Cx5juQEhu2YRrVjEw,740000,true
aa133f335b2293fbafe607e741a8b4d988ad3e151b518e37c5cd67932ae25618,6c2d16be6c1661157c9385bd843efd6150e7652ab747f085650073f96d2e2a38,0,2025-06-20T18:19:02.444Z,n6odafN1YfGJGDWjejcWiFu6FbaGw3qfr2hE18nnbXU,740000,true
c09a4b5087752a6da73a3fc828da283e854dcf236078e4c42f183fc436be2e76,96452386168dadad15ebe41791eb3b9873ba11bb68e74329392f56dcb9f96ef4,0,2025-06-20T18:19:02.444Z,7eDUZNYbu6VsTx34NJMqi58WLtAKwoZ1H5Wmn7q57Cy2,1480000,true
c09a4b5087752a6da73a3fc828da283e854dcf236078e4c42f183fc436be2e76,96452386168dadad15ebe41791eb3b9873ba11bb68e74329392f56dcb9f96ef4,0,2025-06-20T18:19:02.444Z,7eDUZNYbu6VsTx34NJMqi58WLtAKwoZ1H5Wmn7q57Cy2,1480000,true
46e5a3758da0f13db0232527c0ae5df148adb4d3d81ce5db2ca1b45c0df1a709,0180b2cf42bcb74adecdb3fe7a64184da74d4e619e44ba4913c5db59a9a51dcb,0,2025-06-20T18:19:02.924Z,AUSh693dwTyoUduWnYLFh6pwxUGQXRL9ZzQxinbLbKPP,740000,true
3b4bb18d12019921673c13f009d2f4e675ac370b500d370f2bedda9ce8a5f69e,81400b3df2aaab1200f125867ebeb58c951b4a27f7b49774a74adb1157ec5d21,0,2025-06-20T18:19:02.924Z,4xijRzZfArTimEzYAG5fNyQ5XJBXDhzcec2dcf1AbEgD,740000,true
751fa3621ceb423646aa0edfe2133915ec932b3fcf241153d87278813c6c6204,49cbcc80b39478731b85cece2fa6789f748b88ebb73d3c5974189fca47c2dbc5,0,2025-06-20T18:19:03.124Z,3gb9Y9evRNfnHkKeZ8ETgpyS2TBjna1w9KpUp9RRwVqS,740000,true
32d1cdf4569655e437e3148f8d5296fcbf251b07594c001e38a48481b4c4093b,e5ed0e4303823fb5059272b983f8fa9f27ffac6aff7dcf32fa0b72fa0bccc865,0,2025-06-20T18:19:03.355Z,HCFf3QysX2MnVeNLEx98uZKV467p1xvkL79C1Z9n6Agn,740000,true
9dcb308517ba7b683fef170e8d3607e1ca1f5cc768a35e452ec424a06198bdee,b99c3a95e9e36fb54ba3ead9594bce1956481e53f1356832a9f88c166730e4c5,0,2025-06-20T18:19:03.355Z,Cnq4rFn24hBzUwQ9riKqsZXQ5HyDRN2hGw9MTjigR5cW,740000,true
f8b7b95d01ae79756fc3d1bc58675e59a17f07cdafe3d31ea57425adbec2d43f,b3669321b6858eeceee7301f92b27aae0f4812452db30f9771814af7dc637401,0,2025-06-20T18:19:03.355Z,6yaKJPx2dJ3cA9PmWSyZ7TdJvgpfgRtSFSmUkJiK1JPG,740000,true
589697db6a6432a7b3891118c95c91b0ba7fc4a55b262c674257c3f599cc740f,c015d909cdd7800fbcabfa1b859e6566e18681bfb2d4d5954c1c125ccc628da8,0,2025-06-20T18:19:03.571Z,FKnc1HL2zSqLtuwaTjUeWvBE9SNCpxyoam8s9tKfayjb,740000,true
6fb0e88150cbf54b03b92addeb3a2dfd94df220a75e5589cc2539bcdbd78eef1,1a2b6e977d813d835036db055896d5f9d8803f8d1dde0b86cc959a5943dcddad,0,2025-06-20T18:19:04.007Z,ER5rKvmToMSYQS1BCadUQ82H2xZn9JRKeUtTGbvCeEEK,740000,true
03ff528533855df12c2f497eb06ae3030739905576813254ed38cb8bf2f7846b,1e1eac5619d57ac41f3f41454343314acddcb112694fb1a59a6deff3cbbdee4c,0,2025-06-20T18:19:04.215Z,7yh6aoQ6R712LZUNutdD7b2hq7yvJ8otRg1BoyQSj4G1,740000,true
805fcd203abd5fa7e162e61548ccd1de2c630e04b970c4f85aaa7e7f3c7e8b3b,6c2d16be6c1661157c9385bd843efd6150e7652ab747f085650073f96d2e2a38,0,2025-06-20T18:19:04.215Z,3uQ4zWMx2kLG6cNZEpy7TgsGQWWz6tsPYaxxQqGa35Eb,740000,true
a7457363f353bbedbca9ab906feed6f61de43ccfd8f5dd5a72858bf5b255669d,1007dab03dce00e1322425ed46ad5c6e64766b2c2d31f794f5a45c32276a2572,0,2025-06-20T18:19:04.896Z,HzkhvAPooNS4EjDUyxjTdjsR37Fxk3DNtdTnHWKcpLE9,740000,true
4af97e71b6eaa6c2a02b5347b82580039ffcbfa0657c199483f760749f40aabc,237e2dd9fbe482bd1b584c660644b97deb6fdc670cceda050127039f67b3c52b,0,2025-06-20T18:19:05.790Z,GWJrugJZAytVgeGy7UuD2NAa1EnmnJXtrdjjDZKphA8m,740000,true
b250deec11c44bd0fab965593729a20ce9f2aa4d63437cb87a78faf7cc0079f1,6c2d16be6c1661157c9385bd843efd6150e7652ab747f085650073f96d2e2a38,0,2025-06-20T18:19:06.247Z,2taiyMNpbyhdPFh489vr5e5THppru7nDa86LvcADb2Df,740000,true
46e34eb4bb35e7794a8cd53038a04efefcfc4b7ac9690a7d76d5e8a101c1484b,765e7fd7776f40f9fb940a9d3f0e7dfb59896ac0282d42238157388d8bc48be4,0,2025-06-20T18:19:06.247Z,GxBtpmGoSPLGWJvhfcBarfK7KxvKhbRCEReAXM5jEQ5Z,740000,true
2d5335ced6ee283a062505d3c2e61e1671cd4ac8e49f7782c9cf6486e9657974,da75833cc6a5ebe84042e68bdd76d4094a0070de0ef68a22e8f8cced8483e4c6,0,2025-06-20T18:19:06.247Z,CQwUGD4zgden31fyntR9uUH4oL91TT9XGMhhkVDVCKTW,740000,true
3e7b81856e67448b5d56c62c9fbbe5fc37705282f06daed6d74094f6a35e882f,5d65eeb1c4b4550ebd158c620476647160ab5388b5dc30101d2c729348b395fe,0,2025-06-20T18:19:06.247Z,HLr6DffZCi64fTjtycuxaE7Mj6wJ48zPK164s3PRWxaJ,740000,true
3e7b81856e67448b5d56c62c9fbbe5fc37705282f06daed6d74094f6a35e882f,5d65eeb1c4b4550ebd158c620476647160ab5388b5dc30101d2c729348b395fe,0,2025-06-20T18:19:06.247Z,HLr6DffZCi64fTjtycuxaE7Mj6wJ48zPK164s3PRWxaJ,740000,true
e881bb78c352269ba346b09bf204997ae10626cd4d51fd3acc583d60ddddb2a8,5c70cc258968cc4cbbf285eeb7c73fad80bd6c75d9faba0c1ed0f15cb0ce04d6,0,2025-06-20T18:19:06.247Z,77smnTxsN5Y5Zz44yfce9XPTAs7bwA9YFc5SAepcyNEn,740000,true
e6085f6fe82900173af86ac80a5e84038b34f8a0b7b776addc31b3c31710d1b5,1197ce840ed64fb3c3eaa1ec7fd016039035860d676a60fad12de1905f60edc0,0,2025-06-20T18:19:06.744Z,727LYvjs1svKxzKK2oQajXHXDYS4f3Zs5V1TZKr1T92T,740000,true
5427ad0ec547c505f5ec466a1a31e21c6b0ea07689ee8a4ee0afd94512da3c10,b0548c99f2f3cea5062fc1b960e5a64df7ce3e520da931752170bf85172c7055,0,2025-06-20T18:19:06.744Z,G88JPUFAjtbiVSsZHBrNnewDipensAAfSajjPhAMU4V9,740000,true
df97f9f52635fbb1e4cc4adb1166d4a7f35532f0ec3b7930def549ff760774b9,b4d24fb5a8e4c60aa7ce9d901d7c2340ad4ce93b789b6fdc4deceb260a8b466b,0,2025-06-20T18:19:06.972Z,6nTLRnUSzdmKUXJNvadk9Bo9A5t9p1SH15wXwUg7snyR,740000,true
3e3b5b67dd3766a7c5c05bcdaa17632273437c1eb81ceac161c23ce74cbeff2b,7b6c1d9e42911cccab56c8094dda24dc90a9378361f25ac830279b568e053166,0,2025-06-20T18:19:07.406Z,6RmE7YhV6Sf7J55rLTEH2LEPFE5ibEW79mGEnhyo1KNV,740000,true
a6149dad2c8bffdcc0d90757e983975a35d51a6d287f6b3a2c97c0deada3763d,fa6f0b47827006542deabd5b2f045c105f87ef3ded8ab38cf666e0bbea603d9e,0,2025-06-20T18:19:07.406Z,9sUz9uAFp2ecZnA6xdwQHDA6NBtpgUxEv6Jon1tVPpX6,740000,true
bedcfe533b12c2165c346c32fdd95d3a001b803a32904a3680eb95bfbb17b486,402fdc8dc8e7ea3a353133ad6f928e106480c61febc833417dbdd3e6cf496904,0,2025-06-20T18:19:07.406Z,DDBeREf71RVDAGSKRSTBEkyWc7YHc9YvMuNSYPDtJC49,740000,true
9ac01205fcfc01c1acc39d6d83141357e42bf213e1ca16ae68681af652b3969e,65bca855492d080d413e710fb6242a6d56683eab6c76ae7118d26d3fb968f2d4,0,2025-06-20T18:19:07.629Z,DoQTvyuh693r9PsBRFbdpM82e8WDnsJfcuT9kfp14muG,740000,true
8df069e003f0bab65ec43274e8258d3b679a98e106ea739075e7936da617d0f2,eac63e4f12beebb49d6545bcc4e255c3f21722b667046505935b2f92da6743bb,0,2025-06-20T18:19:07.890Z,5DE5evreaacSaHF4cVc6rRjUQc7efDRCiRGyRPjH3Uur,740000,true
fa28b095cc1b879e2f31ec36c8a9edc81ed0e48df2c1085eb53f68388822c1e5,7b28ad43790fb5a06aad5bbdb3201030d9ef8fdfd72da1ee5ad90ff1e4965f70,0,2025-06-20T18:19:07.890Z,G7eQx4MtyjBeQLrCL82S2oBzyE1aL1Es5Wy8wBJr9SPD,740000,true
c1d15c3c2df478dd7ee6ad0e2174a8b26544d109560af693fe997f9de7796803,c0b0b1078cd17d90c689501334723bd49438b774f75af759858fbdcc924a7ac3,0,2025-06-20T18:19:07.890Z,42pM5zWgVHiCXBhVHTYKNH1vaHe8QvbKMYekiXsVy7fo,740000,true
c074d279146af7e1038c892c4fb008445483445fb4153ee34891ba97db0ecc59,6c2d16be6c1661157c9385bd843efd6150e7652ab747f085650073f96d2e2a38,0,2025-06-20T18:19:07.890Z,8TysP4B1TQGbeCby1JizcGKTMx8H1mLevsJT95ZvAGnm,740000,true
2e4706e435195185d69597fdb69bcab9e57a0fa297a14bbfbe70196017de12be,6ae5d1f3f03deb6dae358fdac37bea4a58ef3d2fa682112edcd94e26c8ae7bec,0,2025-06-20T18:19:08.112Z,N8neATR7zeTcM4fU7vL4vYx9yx2FhgA7zXZVQUDVshs,840000,true
46e5a3758da0f13db0232527c0ae5df148adb4d3d81ce5db2ca1b45c0df1a709,0180e670b3f87234e1bdebf371f19c83384b5077a0bb9d90980dbf44111bc00e,0,2025-06-20T18:19:08.770Z,DCH3em7ubLGopxya6eFfwhqQkDX49gMg1RNhq89qzzu5,740000,true
6ea087b74932f77212f0541eafb75c9c0038deac2b07fc1f595544f56147e3b2,a1cc527a08d6d841dc51bfcccbd945774cfe9b9a37ff8044d8f3d24d68475bd8,0,2025-06-20T18:19:08.993Z,9coPpkNBN5ze8o2LBmQEsNHdhXucWsF27z4TNqNDginX,740000,true
d3ffb44761037dce392ff616f946f6ac6834f88715d7ddaccf2d8240873f70e4,d020dfc8326117969b054d03267ea7be1ab7cf38ac3f946ba159d1cde2952e62,0,2025-06-20T18:19:08.993Z,AKiVDVnZzpZP2vMpLbxu1SZLg1KWfrY1MAMFgSPc5eiA,740000,true
0556d0d302c7216f07aacd1a133a8cfea8970747b5abc7d3ddb7738716aa108b,6c2d16be6c1661157c9385bd843efd6150e7652ab747f085650073f96d2e2a38,0,2025-06-20T18:19:10.010Z,8Fk43RQgAFG3icokeBaqAKszQSmHLC7zh6VEyd3KuWKT,740000,true
10d13f89d661546e31b019f8de17b6c143b6648954d2f616fb3943a851287b4d,a25a5757f33ab5707c9f41a355264c62719e6ea4f90e4fc5db949da411d1e79f,0,2025-06-20T18:19:10.276Z,UyWANmMaU5UM1WcRBKUERg63gNT2xxuq3sxkSFAnqEi,740000,true
64477bce8005bc45db0f637f562b4f46d63866f091daf41cf5431b1cf5a1b81e,bd802a228ffe2fee1e4a9eb6ad6f08dc3951a173de3e5d936f239f992b950049,0,2025-06-20T18:19:10.500Z,2LmuvcrsxDgRCBXJZksPbNDLGt2aJ17GVxeBMamJcuyP,740000,true
6c970de67afa136d10a321859ee560a41c664c5cdba99f35bee931510374823f,443fba9dbd6eb707f5bf07573577b398a117b4baf2dae135ac1053ecaaf9fff6,0,2025-06-20T18:19:10.708Z,5RRAX4E8HGBwBH9MtDKYdXD8csirawPCro5vyWsX8mPo,740000,true
b55996604f9863a8d8b26be5b861531912eb4c416d557e1909292a112b44a574,bfe11bb49d13b41a8aefa90bb4ff2a0e60840ee3a38379382b6a7b2e263cb30e,0,2025-06-20T18:19:10.980Z,AHRSiy6PBtzVwSvSMmVZhF91hCJJqtQM5xHNpmW6nmNC,740000,true
279c4530c533ab9bc3aa44044df228c9f25193d8129d41df676eeeab6e319cd7,26ae670b81fd27bac739f9056f3795f6718924141cef947b1c94caa1295a1b1c,0,2025-06-20T18:19:10.980Z,G5NewPZcay54chnzVoc6Yh8wYLmYqQ2q7cPVdefZYJ1U,740000,true
96848ca4e89d6836879224914c3b46d69e30408c0b8bdc686c54cea87a663a02,cc925bc730ab284ef54978cbcded55f074e40d227611e7f760063885e5b60e1a,0,2025-06-20T18:19:11.461Z,3wsbbdb1agti1QTRhFVVfudXR3WkgaLuAgDhoiztkqw3,740000,true
c30aa8a9ddc6b0f7d216e95a9c4a53e306368b156203457ae03057a75cdac7b8,2ef4a6a51f9133cb2b5ea59c1e9a53f76c3eebbf0bb156dac479f962fb594fc4,0,2025-06-20T18:19:11.461Z,4VPowrxaf7rwCBbqFgdjydDtq8ddBDQVa8B4S7u8a14r,740000,true
c94454a320db1244df5d013003d17b36e4aebb10aa3b268963987e37d9e70dbf,587284076bde7a43cd8bfabedbb9b99696380fe7237efaa9a42f18671c4e3331,0,2025-06-20T18:19:11.683Z,3vRp4s79VdcURjmqhXFn78yv7xPGt73y4ChfSzK6HbPo,740000,true
641488c1698d33f081ab30bee9c84e64c89b043bf68a930b2506a0cb47cbacbc,6c2d16be6c1661157c9385bd843efd6150e7652ab747f085650073f96d2e2a38,0,2025-06-20T18:19:11.683Z,9UZQcemHB5wKcBmHq3mA6ZV6m57foXJqW73n7aUgNFiz,740000,true
f2afff6803347d7a27fe4177565a3a6f882beec261722e5e9f31b34681a67ab4,9d0caf0f4c0cdec74295b3f595df8533272d9e2781c6f95acad62d0062375632,0,2025-06-20T18:19:11.903Z,DNxahLaNtUBRjTnsMrkkimFLTW18A4Fdby4E1WNhvdJ2,740000,true
451adb66989084d46c617c0e9c39b97ae03008a1c8a0a3907e908f798526f9a9,5deba041620951a679f077913f72f1906d3da2698ae840a49b5c63e0ec898fd7,0,2025-06-20T18:19:11.903Z,GYw9uDRHD6BxT5tUDG4XnKxRvj2ykWg4vedFZiMeDrra,740000,true
5d67b8effe915bb316b20063f8d501444e3050c2425575dacf38695f207a0987,6a8418ea6315e2ca5b8a3c023018c7dad6db5adeb89861d59414871eae2c68a5,0,2025-06-20T18:19:12.140Z,DRHaDM5ERxc6vx7sPbSuHoNgR5PLdkuFRTzMWJ5aHPER,740000,true
d55848fe62dab1900ae0c759384d87b9423bc9374d05968b6697e29e8283f4d6,fa72845101ff66a8bc68da1a636eecbda999f2876bc2c00be1df466e33fe2096,0,2025-06-20T18:19:12.574Z,8VUK1QQFrPm75yRPTGKjgY5eXmfHXFfjLzSca5CpHtEs,740000,true
65bb70460d161c87c747ffab8cdabfe572e69284078db80848d1696f54ff8710,fe38af82be5a133466ef5ba28e0efcaeb073fd29858f4cc88e355c1daa78aaca,0,2025-06-20T18:19:12.800Z,7qCdyosuAyyoBkawF646sR9CW2no8vefuwbPf641vuB7,740000,true
29f0c05009a006f19daf395e1628a295d2465f8bedb068376784ef0266b26724,156cd38ef5adf8fd328aa42629d551e998e60178f64f43350a906b9e8b27cc87,0,2025-06-20T18:19:12.800Z,6pWvtDQhuPB7aPZAZQRjhQt2cBNbMZdknjrtvj9PBi9q,740000,true
512cc8d39d393d47001f4905d6c8aa3564eaa6fbe9aacbfd38e677e8a0cadda9,ca66308212e751718153b6b1b9225a730678fbd34c0013172c2201f1e5ca5f2e,0,2025-06-20T18:19:13.217Z,3Pho5cVMiw2ryFERjXKqu7joCLwJCMQMr5FQsxL4g3tP,740000,true
d839c620df382ec44980ccfd48c4a89f0abe21fff2d60e40eb956290865a7a69,548432f0d44ba1f129f7e0c6e616078423417043fa71826e9eda2c7fa43bc0bf,0,2025-06-20T18:19:13.217Z,HFiJvvrvVCtgWw5izTJyKXN9g3GQib3vnbdJmFo7BimX,740000,true
938c770ba827aa89f9caeda5277b526d6ded05139cc309454053fe43845b2a0f,2893c2f1f77c2e058b456c1afd6b1ef1ec2bab7857fde73dad856c57311087f1,0,2025-06-20T18:19:13.436Z,56xY1gSjCuKACXA3m9PAmZHUVSgNmfrxFmRXiYqLCwTZ,740000,true
1388ef00ce430b5705dd1bac6adc358c258a34cd71e1f6bb6e6291af7c8c3acb,6c2d16be6c1661157c9385bd843efd6150e7652ab747f085650073f96d2e2a38,0,2025-06-20T18:19:13.436Z,hz9oghLR4E8cwUHuDhyJWmAeCXVzxsAgPJEoJgXBAYZ,740000,true
46e5a3758da0f13db0232527c0ae5df148adb4d3d81ce5db2ca1b45c0df1a709,0181797126e5ffbb1311bd7b047a84bf1e84dae126875a3061feb3fb17db8790,0,2025-06-20T18:19:13.436Z,4D88zaWHzWH5BZFboH2Vy5g2jorW3nt4yabUekrUxh7p,740000,true
15e1c27358322609e634882df40b1439721ceb8afb90c83752e43404ce7ce555,379515669209eaf1eb4b6ce7683b2ab2b161c4a55e6b06b93839ca5ddb9503c0,0,2025-06-20T18:19:13.663Z,43wkNEwyfMhRWkF18QR159LfG3JWZn4VHPTTYmfj9BdL,740000,true
fcb222763d6886448ad233b0e5fc5086e13236d67055096dbd96edca16b10b7d,43f28ee3305a45502ccd174d7a5dbafcf60bce6561a64a85ab5f0dfe584efc01,0,2025-06-20T18:19:13.663Z,GwUk4Wyup1HjKu35darZBsjC9prYwC81dJYkxtNbqUtP,740000,true
3593d885cce4ad9754b32b8cc4977ec4a47661f1453fd18e3ef564b1c7501f67,3ae99dcdefb23cb6018500f8131f38f211a524e312e46848199b59a0478ab241,0,2025-06-20T18:19:13.878Z,AsL8932oThxFfMAgQWdu3aCa45Q3RYvgsbRzKW3PiRNE,740000,true
b1e4c3e3c8576ba996811c097bbb23bf6447005a6d7a432ee1d59b1374abffc4,657eb9a3b1dab50bb75d5b93260a30e9907d566a50551021d7574150ab6d26a8,0,2025-06-20T18:19:13.878Z,7sv4uyBjktFWSmMoaHXxFj8G2VFsHy2QzymcZZXqgQ9c,740000,true
572ff13c7906964f098b1c86a33f54d6c9e0f4d402c68ec5fae2c7904d57618f,d16f0f8e3c6ac3b3ce16f0f6cfcdf06a45ee342855f69df7408f6b69a6933680,0,2025-06-20T18:19:14.339Z,3EVtYes9BFwGAwKaAHjeGeqpFFpMzvhtENqYeMAb8gag,740000,true
9dad61fe666599fd1ecd0b39d27296442b537b0c4063a21f08973219d659745b,f4e281c4c15187619d5f57f65805aa67b74227c9b576f4f9c31d3715b070914b,0,2025-06-20T18:19:14.339Z,4AwF4B18HjdFbR1mVbUVMYpfLeGT1WceZt1oi3gg4VMN,1480000,true
9dad61fe666599fd1ecd0b39d27296442b537b0c4063a21f08973219d659745b,f4e281c4c15187619d5f57f65805aa67b74227c9b576f4f9c31d3715b070914b,0,2025-06-20T18:19:14.339Z,4AwF4B18HjdFbR1mVbUVMYpfLeGT1WceZt1oi3gg4VMN,1480000,true
1e1eac5619d57ac41f3f41454343314acddcb112694fb1a59a6deff3cbbdee4c,74086494fc6c1bcd405bb8e6d1c6f8394f7823e0d8ba9430c528d9e6af9c9e4c,0,2025-06-20T18:19:14.601Z,2JnCjVS5tfQWuKUA7e3gXQVkW4zL98Cx6tzCtqjy4FZf,740000,true
610bb29048936924b4ee9088c5c87c91bd4858ae46601c9c268a76535ae95760,8c465a50d9449ba66d50aec434ea993b39bc972398f0bd57295859ce032185dc,0,2025-06-20T18:19:14.601Z,HpxMJjj4uoMxGzr4gLCts7ujjeeyZR4QnBc3kqneGfjz,740000,true
afa05b9c4562fb1213a2c8da3431ee0dc61b9f1ce22639abda86fbcc757ceb5d,35c855feb01cbb40f84b99420f32618ec80db51dcf9976fee416de55b8d21fc0,0,2025-06-20T18:19:15.247Z,54kQ2zF1XFjgbvDfvu1i2DwnpWKN1srFZGH5x64ahJZQ,740000,true
6ed095f0ea2467b5c4931a42fe87bbf0e2fff5cc584304dcb677b5db1ae5a801,916ba7fc6880d9e75b4203acf1d2c7a898acdd6c5c33682eddf1bd9c1d9db0b2,0,2025-06-20T18:19:15.247Z,AM4r8o7Cdn4EhdW8TFeMLdDahtAWyA1qopqCAatutSvv,740000,true
b9112bcc29942c1115614efa1a344ab917dbc252497843a924df8a88a6e39263,6c2d16be6c1661157c9385bd843efd6150e7652ab747f085650073f96d2e2a38,0,2025-06-20T18:19:15.451Z,GKjC4ZNuUuu5KXRA8gqKmXiJjuqJGGd1QS9cBrieNGWy,740000,true
d020dfc8326117969b054d03267ea7be1ab7cf38ac3f946ba159d1cde2952e62,91ed4051e376f32e2461f1dbb42a26331c6cf1801ed51f38187e948b378e7673,0,2025-06-20T18:19:15.451Z,2eDido5U5kT1CCcnnHCrmEg6APX1gH4m7mWWeaXKHrYR,740000,true
2f3c17318028e63b4e1945077648f5d29eaec3f0c5f8897acf0410d641a1d9a5,d7acc15789e17acd501322bca2060c7208c5ee15749050307994263caa7a75ba,0,2025-06-20T18:19:15.651Z,82V7XhjM3imfdecdSuRcRkZWNneTdixGA6oEYA3AFLH3,740000,true
bf859e30bf39cee887cf895cb7fa3b8a16fff258715420eed7cf0941f554df70,36deb9a07e31241b2633723d71598b2dc090cc963ded338c2bf484e451bd168e,0,2025-06-20T18:19:16.071Z,97nTZJfvwYHWdGVToa3EZ18Zibc15NbpHkw7Xi5VFzNx,740000,true
4bae9802cfdcdbb3ca69934b215c90520f072bece7bdd0fc9659df1dc7b334e0,52f8d00c2c1e1008f6217c3612d213fd3758c152c425d96f2a2a0c3f79a29cf7,0,2025-06-20T18:19:16.071Z,HsbHSJyX1961d6nBUqx9JkCuriY6qePpxUx3Fr6JBcNW,740000,true
24e03ccf4b41c03c7b8e28a129c5a71b345cc58b970a5aa8ce91bee701294cd9,b8519f118eb149e96d3f2455b10b9eb7d37cfc8f20bc2ff20669a736f9875ed3,0,2025-06-20T18:19:16.488Z,HMD9FdmFhzJPzdC6c3JRYmTYD4KnV3MaLPJMg3QhDGVW,1480000,true
24e03ccf4b41c03c7b8e28a129c5a71b345cc58b970a5aa8ce91bee701294cd9,b8519f118eb149e96d3f2455b10b9eb7d37cfc8f20bc2ff20669a736f9875ed3,0,2025-06-20T18:19:16.488Z,HMD9FdmFhzJPzdC6c3JRYmTYD4KnV3MaLPJMg3QhDGVW,1480000,true
355e2a556acd4df238db57585702fb9e3cdf152b5cd6e2f9c8a16bbc7fcee879,57d75ff13fedaff8517403eda2533c8b41aeb9da5331afa7f2c0b3e055c90330,0,2025-06-20T18:19:16.488Z,33whh4vPfQudchsJaGotuiKRivQXTFdTPd2H4kAqkCjx,740000,true
d8e288633b81f4d4bad2b1e74bf5f1934f4db758dfcbf687bd9fac411572f8a7,ada7c88a87bfe9f2adac817ea763484b52587df8a859ccb923ba23a3171b6a8a,0,2025-06-20T18:19:16.933Z,41MVnurxFerDkKuMc2dsbhgMtT2Y1daSXDLgFhVxmPbM,740000,true
b81c91fea99f2f1a2f7b1fa51830fb89bc750743950574f9eca8d623edad03c9,2fc573e397737075036279d835fa78c51e4b7987a35c95d0039896a50977a2c1,0,2025-06-20T18:19:16.933Z,CMxinZC6KVP97rHmcg4J3HRWZTGPDd6ksid5E3ndFLrR,740000,true
2717ddc2fb3d9a30066f97cb9b5d23704f178cc579fc037f3c97de18213501b0,5a8c7cc8a58b80ad0429118efde07f8ba636fc03d8b134c5ea17bac87fbf63ae,0,2025-06-20T18:19:16.933Z,GSA8k3BgLwfT1ZvN7CL8hPE4s8xFzDjBgd8bPuyU4tR3,740000,true
84deabfe22035f4186e05eb32af9429ebc61472cb1faa9af2f69425d21395292,6c2d16be6c1661157c9385bd843efd6150e7652ab747f085650073f96d2e2a38,0,2025-06-20T18:19:17.375Z,8bv4cKNnACjJbBKp6kQdm82FnJDKbKLobacE5G41nnmJ,740000,true
102df9ffeeb4c292dba592bc8ea8a841493134cb06a948de851bfcfce17af37d,52193d3bfb497066e1a14ee6df2190e1a73a084bbbc8e1335daf0a86d12b6b0e,0,2025-06-20T18:19:17.375Z,699bJztK5t8dAzQi7KhvPhreSncGLjyrbKcBxkNWLXui,740000,true
ced7a5caf715811f8036889d85701dca6e58fe39f6604e8f7d1a0ce1e48afff2,9d048fc14579c42f836a76ee2e855a82f2114e7c90c927951b6b919f3196c213,0,2025-06-20T18:19:17.597Z,B3qSMTznWKawL3M6YrQzSTZ5TRBGLkgLm6TRKyWrhhkE,740000,true
ae3a5e4fb81847ca25b551de549c069d747cd6bc1895fb6e973f4cc0389e72da,e33b2a12fefb65d1a0fe5ef12fabf611469cc35b1aa325ff4dee88c952428372,0,2025-06-20T18:19:17.597Z,2DKEBYxDBPUHvi6CXjRdF7dMn7z4Up8AX9bxW2xQ9soD,740000,true
8d9a326369662813d47ed2903f9711689e6f58e2e28a2213d98d1cbedfe7a56f,d15f41f1eda41782529aa449153cdb83dae3036024ef89a54cbea7999c342dd5,0,2025-06-20T18:19:17.811Z,BMv2keL1V68xbL8XQWUqb3UAerFW5xmtysMTJM82a4e2,740000,true
2df23b92cc40d979aa62ee46ca2fdce27e3db437b3834dcca3636453a0871364,00e1cbe21d023cf60adf7abb87519f12dfb3d4bb0da19087d83a90abb0741228,0,2025-06-20T18:19:18.082Z,9HGd8ue6mDgjAb6tUiiMzwvaToEhYe1Ai5PCdH2Y5C5h,740000,true
229600c30980bf0d133112c066aee4cadc86e56c0b19c443a230fd2e98933d10,80cb78567ab2484113564e27dd08e1454d48709746200cfd3a6408a5a68e312b,0,2025-06-20T18:19:18.082Z,5zq8VXKDq8tj1SUCmhCV48cyVUGsGNy8gDyX1xzzTbFn,740000,true
df31c117864a6441e328fc20469febcd4f1326c9299d6e3999be25a6f1206f6c,a7aef1dca81f5f648d03cab71fa10fe9152edd080895cb8a9a501b50f6609d1d,0,2025-06-20T18:19:18.521Z,CJVhxgBHJaDY8zCgXEqsM41KdRpLo52aEBRMrrSYeff9,740000,true
54bcf67ad667c051ef6a9ed6842631cc8d2856b14250080300a133ad8181bb59,b0b7908ab90bcb6ecd239548259e75aef023ac59779c84c4bb491553605e7cf2,0,2025-06-20T18:19:18.521Z,4dozcJ6xc5zRnswuPYvbcvyujoppBfLLqkMFxWZYatCW,740000,true
958be62234a482a7c3b4a7f74da59a159005f22ddd5aaf7c42766c54fcea8bd6,7fd4bd20789e2776abbbe376f7bc179d513c566bd20b4506a08e1015982fc2ea,0,2025-06-20T18:19:18.521Z,7gDw6cyyUb25pAarKxBRHa7k9nn62sfzYsCMjnfuLNSj,740000,true
4c63fe46c285e44d5ac0f6a510c11276705da57da2a95d464dad5114b781a371,374db5534355086feb51687c983d3a8ea8d32a800c9e3298beef35583ccea2fb,0,2025-06-20T18:19:18.521Z,7XFKZd2WtVRyow92wS2cHVkm1gprJBzcY1Fqwfe2UbSf,740000,true
7e9b5f8799760a2a942b693e3423d63a5133026a4f82ce59a090767cf7347f07,d1dc1994eace74b5fc9583d49f848c0c6b4d25073d11780c75866f91497bafb0,0,2025-06-20T18:19:18.757Z,3nEgHTdxAspXPc8AJGGeHqAvG1i7ucJuBMALQgTmQsC3,740000,true
46e5a3758da0f13db0232527c0ae5df148adb4d3d81ce5db2ca1b45c0df1a709,018259652635284682d762b93b9e7a71b6f704a98dc2451f068d9e04367adce4,0,2025-06-20T18:19:19.195Z,8ftfggE95MKra6GP5zcyvBseR8qm4G1ruM1y4xAjAzz3,740000,true
725a3b0efec8783799791cf73157d7c5d69c9bfa8250713d8f0645b4aacdc161,6c2d16be6c1661157c9385bd843efd6150e7652ab747f085650073f96d2e2a38,0,2025-06-20T18:19:19.195Z,Hrqp5VYYAchQgyS7JMXSyvAoiofJSLEudDVA18fLrRQ5,740000,true
05b8fadfbbe2383aa57b4554279b0c0b43e5b977decb604cc78269ad9dfb5d73,c5286661a843e589286796be1962ba8c913d2e54d402978274ae085b7d70a83c,0,2025-06-20T18:19:19.691Z,8CxspEqGDP8JYXGYnjKutegSELJPFURWeqccmshMngHD,740000,true
5d15dc3ad9de0f8af2ef89746100c3fbf4f52b960013272ee0a661945d5c1deb,9966e20b37c8648023a5266e049b5f7a8bbfae87530bfe8511578fa8c0b139a5,0,2025-06-20T18:19:19.691Z,F87Ka98Edbf6kQPsxXSRP8URCEc96iPrJv9mdCUUd1pz,740000,true
d839c620df382ec44980ccfd48c4a89f0abe21fff2d60e40eb956290865a7a69,548432f0d44ba1f129f7e0c6e616078423417043fa71826e9eda2c7fa43bc0bf,0,2025-06-20T18:19:19.933Z,Daj9UnrmMiPd31W18oEhuW2P3Caze4kxNX23MXSfbUqt,740000,true
4ac953c523e0415f824a47d34a1aa6e71dbd2435ea74a480527abf9a2788b29d,31ac0d092e20905dd8097a52ad72ad08f195747d842d29c0d81d1d5a25e1615b,0,2025-06-20T18:19:20.176Z,EVa9SKmcFyddCancZGP2NNVHAKA8Xv28gtBWUiF6iuNJ,740000,true
9a3ead15f8708ba3f54c1bc0dc3f1ae8c5e28fcee9eba2db5b4e2ee25a3fba25,56fcf9e21c91fe2ea1b1486cf30fb7bbe86c957d885b75e633544e2309eb2f0c,0,2025-06-20T18:19:20.849Z,BvYmjVmg2w12ZLijhe116muA1z4k468nibHaiA2mdJ7v,740000,true
9a3ead15f8708ba3f54c1bc0dc3f1ae8c5e28fcee9eba2db5b4e2ee25a3fba25,56fcf9e21c91fe2ea1b1486cf30fb7bbe86c957d885b75e633544e2309eb2f0c,0,2025-06-20T18:19:20.849Z,BvYmjVmg2w12ZLijhe116muA1z4k468nibHaiA2mdJ7v,740000,true
6eba4a344cc624f226a4b9f696a5bc06270e4fd4adb9d0faa58317e7c205dd89,3b18457e1ad706f737d9991a528d74226a238be29ae739425947009c268cf80f,0,2025-06-20T18:19:20.849Z,52TcrMw5ZkPj9LHounYtTR5R7AYN4sN7aPwEMoiWrwiy,740000,true
1e6fda63654f3f861daaca8703d1f96f43f5087ed4be73ed62432389acf26176,a0639e7e17866dea332a949c4ee66fa7f438b949603a25acd8eed01a2aa1892c,0,2025-06-20T18:19:21.050Z,2ofUksnEt6NbyUYUjPfC63jycHnAk797Y7KGDjKpv6mS,740000,true
4d1929fbe7cef5acb184a08f4fc0879cef076e8d5f195fad2d9282f4e1c3dbf6,6c2d16be6c1661157c9385bd843efd6150e7652ab747f085650073f96d2e2a38,0,2025-06-20T18:19:21.050Z,AHe2WRPixS4BzxogKEzauyvaputbu9SoNHQka29BYAWD,740000,true
28a7eb2991f8fcd5529b1f5a7152fdb2c8f17a10066900c919cc1d7bf26ccacc,aa2725c77046b80a87bb217a09b6c776646985b6eb29f92f0244569c33031497,0,2025-06-20T18:19:21.506Z,uvHiVDWDQAAmYpqgs7usgL1pnV4TyB8jswA7FhZ7K8B,740000,true
a57ca2aed51b64fecf75c93f8f2fc29f4786680fe596e8df1e0204c6b62b6c8c,2344b61f4dc23ec9f3a7d6b2bd118e920f5b71c142b14680d5f0c7d71755a434,0,2025-06-20T18:19:21.506Z,8gDveRkeeJpucdRAhpiMJHFs15YutwCRLbhBggwLNeuj,740000,true
d019097acb1328173d1afdb820c1569bc81cb73a574f8144e33ff9a964406bab,08f5af5c3057b365f7a6d0dfc125b9e0f83883e44f242f51a5d4e8d92238a7c0,0,2025-06-20T18:19:21.506Z,C9mwJZtoYrtY9293gQFgSmsHcRmTtNEUX9YQ2KWUvepQ,740000,true
3e6e15b4798311170d4d5006bef2546cd0607dc7714b94dc82bcc22bc8cb8fe8,21866f7b8b51b81d6f781b98e82facadef83d62f7c342eec85a4b8258bb8f535,0,2025-06-20T18:19:21.506Z,4icoYsJ2fFmYRjE9Tfsym3t6R2Bbqsi4BTJ8uCp9HUq3,740000,true
d594601d0eead34e015cfec136ca35e410fbd5443937ebbb86766f6c1591f4fd,5be0ca6d1abdf3c1ebc9f5298fc49332253cd807cc572a8f9863cd6d17ea3a60,0,2025-06-20T18:19:21.706Z,4mADNwQVmEdS3gG9vXz13WjeqGjRVXfHhsbV2pTepRup,740000,true
489297285f11bfdb5c67f6c2ca050837fd261b41aa791517f869233d80f1e7b3,669f5681a4cf98f170d2418d848ad9c4847195a8f1bef716c007f221bdcac8c1,0,2025-06-20T18:19:21.943Z,2ypxpKAgXxEUVggU58h2tXebHnNcCA3WouhbRfrqrmBM,814000,true
81909d7b66a210981a0197660257829a6487af1fce60d7f0b24cad06e56554c8,2bfcff2d4dd1e08b824605fa424e361126790f500bba843dae42613cdd8a71f0,0,2025-06-20T18:19:21.943Z,J1WcDPSHdWySnHHhC9YMeyWBTkCvGbiYBc7Dpi9wMesU,740000,true
