address,first_seen,last_seen,transaction_count,total_amount,is_contract
819f146b54977b01da4b9edd1944cc06161ec61ac1af4adf978f9a3005bdd3cb,1750443540230,1750443540230,1,0,false
f35cc778552237c6d38ba732f798d7108119905efb5c4997a2eef293ae942374,1750443540230,1750443540230,1,0,false
ce8542fba423ee5ca8dc84facbf2a05ecdfe7a03ee26393e8b7ff15e64fb9190,1750443540230,1750443540230,1,0,false
9706021e0bbebb2703f2e369100c014e89fd9ca847e6473c744207864beb5a58,1750443540230,1750443540230,1,0,false
81af5392027c7cb6b07ece3031b7fe6cab44ad02e318a80c74ff875cc55243df,1750443540450,1750443540450,1,0,false
b3de95adcc329ff8d9e1ecde632a9d39ebd4574c33a3a493a96c3765dc67208f,1750443540450,1750443540450,1,0,false
68b157c44efa8a91debe58c6b670b2d05b3c374e48e7986fb5c5d40498af909c,1750443540676,1750443540676,1,0,false
6c2d16be6c1661157c9385bd843efd6150e7652ab747f085650073f96d2e2a38,1750443540676,1750443561050,12,0,false
50f36aef4a4480296ccb4d619ac4e33df1ea71ddcfb00c3abcbcfcdad059a9d9,1750443540917,1750443540917,1,0,false
025cf58a702a69dce2abc6b98a817c91ed61eac5f221e139bc27eb9b8b3c958a,1750443540917,1750443540917,1,0,false
7ee2fde3ac357c01115783e19ee7dc95882f016ef6b257f19de8a919a3a8f52a,1750443541339,1750443541339,1,0,false
e3d1d41e10334d52542dd0307031ca124bdce6623864463b989e8da8b2196e40,1750443541339,1750443541339,1,0,false
706923a7e2811d4900401a135d7c48b6c6a43a912d7135ea65db50d40263bad7,1750443541561,1750443541561,1,0,false
f40826e54452743858e65fab7e1205ba17eb1a232568ff8ef5de89b2f3fb0dac,1750443541561,1750443541561,1,0,false
6e889654ac25ce819021b9c37d485f863e8c9082e2feebf945247dca85292d0f,1750443541561,1750443541561,1,0,false
b4d7029407fb3a45d091cadee3e5567f36e6b24f393d0ffce4339f00aa43e1fb,1750443541561,1750443541561,1,0,false
257e054c5d0377e1b0477957303fe2109e66c2e40193e848d5174aa4191f3b4e,1750443541767,1750443541767,1,0,false
562a7e7f07d310685b252335364ba28b693fe9765e64d90d237bd3dd7fc3495f,1750443541767,1750443541767,1,0,false
30a6809ba6431a48b01199d0f53a87d436bafc5616a5ecf7409583b61eb9d858,1750443542444,1750443542444,1,0,false
8fd081652bcbb414f9b59a3afbac8ec767bc6d7c1c3b0ec1aa25915f2bd449d6,1750443542444,1750443542444,1,0,false
aa133f335b2293fbafe607e741a8b4d988ad3e151b518e37c5cd67932ae25618,1750443542444,1750443542444,1,0,false
c09a4b5087752a6da73a3fc828da283e854dcf236078e4c42f183fc436be2e76,1750443542444,1750443542444,2,0,false
96452386168dadad15ebe41791eb3b9873ba11bb68e74329392f56dcb9f96ef4,1750443542444,1750443542444,2,0,false
46e5a3758da0f13db0232527c0ae5df148adb4d3d81ce5db2ca1b45c0df1a709,1750443542924,1750443559195,4,0,false
0180b2cf42bcb74adecdb3fe7a64184da74d4e619e44ba4913c5db59a9a51dcb,1750443542924,1750443542924,1,0,false
3b4bb18d12019921673c13f009d2f4e675ac370b500d370f2bedda9ce8a5f69e,1750443542924,1750443542924,1,0,false
81400b3df2aaab1200f125867ebeb58c951b4a27f7b49774a74adb1157ec5d21,1750443542924,1750443542924,1,0,false
751fa3621ceb423646aa0edfe2133915ec932b3fcf241153d87278813c6c6204,1750443543124,1750443543124,1,0,false
49cbcc80b39478731b85cece2fa6789f748b88ebb73d3c5974189fca47c2dbc5,1750443543124,1750443543124,1,0,false
32d1cdf4569655e437e3148f8d5296fcbf251b07594c001e38a48481b4c4093b,1750443543355,1750443543355,1,0,false
e5ed0e4303823fb5059272b983f8fa9f27ffac6aff7dcf32fa0b72fa0bccc865,1750443543355,1750443543355,1,0,false
9dcb308517ba7b683fef170e8d3607e1ca1f5cc768a35e452ec424a06198bdee,1750443543355,1750443543355,1,0,false
b99c3a95e9e36fb54ba3ead9594bce1956481e53f1356832a9f88c166730e4c5,1750443543355,1750443543355,1,0,false
f8b7b95d01ae79756fc3d1bc58675e59a17f07cdafe3d31ea57425adbec2d43f,1750443543355,1750443543355,1,0,false
b3669321b6858eeceee7301f92b27aae0f4812452db30f9771814af7dc637401,1750443543355,1750443543355,1,0,false
589697db6a6432a7b3891118c95c91b0ba7fc4a55b262c674257c3f599cc740f,1750443543571,1750443543571,1,0,false
c015d909cdd7800fbcabfa1b859e6566e18681bfb2d4d5954c1c125ccc628da8,1750443543571,1750443543571,1,0,false
6fb0e88150cbf54b03b92addeb3a2dfd94df220a75e5589cc2539bcdbd78eef1,1750443544007,1750443544007,1,0,false
1a2b6e977d813d835036db055896d5f9d8803f8d1dde0b86cc959a5943dcddad,1750443544007,1750443544007,1,0,false
03ff528533855df12c2f497eb06ae3030739905576813254ed38cb8bf2f7846b,1750443544215,1750443544215,1,0,false
1e1eac5619d57ac41f3f41454343314acddcb112694fb1a59a6deff3cbbdee4c,1750443544215,1750443554601,2,0,false
805fcd203abd5fa7e162e61548ccd1de2c630e04b970c4f85aaa7e7f3c7e8b3b,1750443544215,1750443544215,1,0,false
a7457363f353bbedbca9ab906feed6f61de43ccfd8f5dd5a72858bf5b255669d,1750443544896,1750443544896,1,0,false
1007dab03dce00e1322425ed46ad5c6e64766b2c2d31f794f5a45c32276a2572,1750443544896,1750443544896,1,0,false
4af97e71b6eaa6c2a02b5347b82580039ffcbfa0657c199483f760749f40aabc,1750443545790,1750443545790,1,0,false
237e2dd9fbe482bd1b584c660644b97deb6fdc670cceda050127039f67b3c52b,1750443545790,1750443545790,1,0,false
b250deec11c44bd0fab965593729a20ce9f2aa4d63437cb87a78faf7cc0079f1,1750443546247,1750443546247,1,0,false
46e34eb4bb35e7794a8cd53038a04efefcfc4b7ac9690a7d76d5e8a101c1484b,1750443546247,1750443546247,1,0,false
765e7fd7776f40f9fb940a9d3f0e7dfb59896ac0282d42238157388d8bc48be4,1750443546247,1750443546247,1,0,false
2d5335ced6ee283a062505d3c2e61e1671cd4ac8e49f7782c9cf6486e9657974,1750443546247,1750443546247,1,0,false
da75833cc6a5ebe84042e68bdd76d4094a0070de0ef68a22e8f8cced8483e4c6,1750443546247,1750443546247,1,0,false
3e7b81856e67448b5d56c62c9fbbe5fc37705282f06daed6d74094f6a35e882f,1750443546247,1750443546247,2,0,false
5d65eeb1c4b4550ebd158c620476647160ab5388b5dc30101d2c729348b395fe,1750443546247,1750443546247,2,0,false
e881bb78c352269ba346b09bf204997ae10626cd4d51fd3acc583d60ddddb2a8,1750443546247,1750443546247,1,0,false
5c70cc258968cc4cbbf285eeb7c73fad80bd6c75d9faba0c1ed0f15cb0ce04d6,1750443546247,1750443546247,1,0,false
e6085f6fe82900173af86ac80a5e84038b34f8a0b7b776addc31b3c31710d1b5,1750443546744,1750443546744,1,0,false
1197ce840ed64fb3c3eaa1ec7fd016039035860d676a60fad12de1905f60edc0,1750443546744,1750443546744,1,0,false
5427ad0ec547c505f5ec466a1a31e21c6b0ea07689ee8a4ee0afd94512da3c10,1750443546744,1750443546744,1,0,false
b0548c99f2f3cea5062fc1b960e5a64df7ce3e520da931752170bf85172c7055,1750443546744,1750443546744,1,0,false
df97f9f52635fbb1e4cc4adb1166d4a7f35532f0ec3b7930def549ff760774b9,1750443546972,1750443546972,1,0,false
b4d24fb5a8e4c60aa7ce9d901d7c2340ad4ce93b789b6fdc4deceb260a8b466b,1750443546972,1750443546972,1,0,false
3e3b5b67dd3766a7c5c05bcdaa17632273437c1eb81ceac161c23ce74cbeff2b,1750443547406,1750443547406,1,0,false
7b6c1d9e42911cccab56c8094dda24dc90a9378361f25ac830279b568e053166,1750443547406,1750443547406,1,0,false
a6149dad2c8bffdcc0d90757e983975a35d51a6d287f6b3a2c97c0deada3763d,1750443547406,1750443547406,1,0,false
fa6f0b47827006542deabd5b2f045c105f87ef3ded8ab38cf666e0bbea603d9e,1750443547406,1750443547406,1,0,false
bedcfe533b12c2165c346c32fdd95d3a001b803a32904a3680eb95bfbb17b486,1750443547406,1750443547406,1,0,false
402fdc8dc8e7ea3a353133ad6f928e106480c61febc833417dbdd3e6cf496904,1750443547406,1750443547406,1,0,false
9ac01205fcfc01c1acc39d6d83141357e42bf213e1ca16ae68681af652b3969e,1750443547629,1750443547629,1,0,false
65bca855492d080d413e710fb6242a6d56683eab6c76ae7118d26d3fb968f2d4,1750443547629,1750443547629,1,0,false
8df069e003f0bab65ec43274e8258d3b679a98e106ea739075e7936da617d0f2,1750443547890,1750443547890,1,0,false
eac63e4f12beebb49d6545bcc4e255c3f21722b667046505935b2f92da6743bb,1750443547890,1750443547890,1,0,false
fa28b095cc1b879e2f31ec36c8a9edc81ed0e48df2c1085eb53f68388822c1e5,1750443547890,1750443547890,1,0,false
7b28ad43790fb5a06aad5bbdb3201030d9ef8fdfd72da1ee5ad90ff1e4965f70,1750443547890,1750443547890,1,0,false
c1d15c3c2df478dd7ee6ad0e2174a8b26544d109560af693fe997f9de7796803,1750443547890,1750443547890,1,0,false
c0b0b1078cd17d90c689501334723bd49438b774f75af759858fbdcc924a7ac3,1750443547890,1750443547890,1,0,false
c074d279146af7e1038c892c4fb008445483445fb4153ee34891ba97db0ecc59,1750443547890,1750443547890,1,0,false
2e4706e435195185d69597fdb69bcab9e57a0fa297a14bbfbe70196017de12be,1750443548112,1750443548112,1,0,false
6ae5d1f3f03deb6dae358fdac37bea4a58ef3d2fa682112edcd94e26c8ae7bec,1750443548112,1750443548112,1,0,false
0180e670b3f87234e1bdebf371f19c83384b5077a0bb9d90980dbf44111bc00e,1750443548770,1750443548770,1,0,false
6ea087b74932f77212f0541eafb75c9c0038deac2b07fc1f595544f56147e3b2,1750443548993,1750443548993,1,0,false
a1cc527a08d6d841dc51bfcccbd945774cfe9b9a37ff8044d8f3d24d68475bd8,1750443548993,1750443548993,1,0,false
d3ffb44761037dce392ff616f946f6ac6834f88715d7ddaccf2d8240873f70e4,1750443548993,1750443548993,1,0,false
d020dfc8326117969b054d03267ea7be1ab7cf38ac3f946ba159d1cde2952e62,1750443548993,1750443555451,2,0,false
0556d0d302c7216f07aacd1a133a8cfea8970747b5abc7d3ddb7738716aa108b,1750443550010,1750443550010,1,0,false
10d13f89d661546e31b019f8de17b6c143b6648954d2f616fb3943a851287b4d,1750443550276,1750443550276,1,0,false
a25a5757f33ab5707c9f41a355264c62719e6ea4f90e4fc5db949da411d1e79f,1750443550276,1750443550276,1,0,false
64477bce8005bc45db0f637f562b4f46d63866f091daf41cf5431b1cf5a1b81e,1750443550500,1750443550500,1,0,false
bd802a228ffe2fee1e4a9eb6ad6f08dc3951a173de3e5d936f239f992b950049,1750443550500,1750443550500,1,0,false
6c970de67afa136d10a321859ee560a41c664c5cdba99f35bee931510374823f,1750443550708,1750443550708,1,0,false
443fba9dbd6eb707f5bf07573577b398a117b4baf2dae135ac1053ecaaf9fff6,1750443550708,1750443550708,1,0,false
b55996604f9863a8d8b26be5b861531912eb4c416d557e1909292a112b44a574,1750443550980,1750443550980,1,0,false
bfe11bb49d13b41a8aefa90bb4ff2a0e60840ee3a38379382b6a7b2e263cb30e,1750443550980,1750443550980,1,0,false
279c4530c533ab9bc3aa44044df228c9f25193d8129d41df676eeeab6e319cd7,1750443550980,1750443550980,1,0,false
26ae670b81fd27bac739f9056f3795f6718924141cef947b1c94caa1295a1b1c,1750443550980,1750443550980,1,0,false
96848ca4e89d6836879224914c3b46d69e30408c0b8bdc686c54cea87a663a02,1750443551461,1750443551461,1,0,false
cc925bc730ab284ef54978cbcded55f074e40d227611e7f760063885e5b60e1a,1750443551461,1750443551461,1,0,false
c30aa8a9ddc6b0f7d216e95a9c4a53e306368b156203457ae03057a75cdac7b8,1750443551461,1750443551461,1,0,false
2ef4a6a51f9133cb2b5ea59c1e9a53f76c3eebbf0bb156dac479f962fb594fc4,1750443551461,1750443551461,1,0,false
c94454a320db1244df5d013003d17b36e4aebb10aa3b268963987e37d9e70dbf,1750443551683,1750443551683,1,0,false
587284076bde7a43cd8bfabedbb9b99696380fe7237efaa9a42f18671c4e3331,1750443551683,1750443551683,1,0,false
641488c1698d33f081ab30bee9c84e64c89b043bf68a930b2506a0cb47cbacbc,1750443551683,1750443551683,1,0,false
f2afff6803347d7a27fe4177565a3a6f882beec261722e5e9f31b34681a67ab4,1750443551903,1750443551903,1,0,false
9d0caf0f4c0cdec74295b3f595df8533272d9e2781c6f95acad62d0062375632,1750443551903,1750443551903,1,0,false
451adb66989084d46c617c0e9c39b97ae03008a1c8a0a3907e908f798526f9a9,1750443551903,1750443551903,1,0,false
5deba041620951a679f077913f72f1906d3da2698ae840a49b5c63e0ec898fd7,1750443551903,1750443551903,1,0,false
5d67b8effe915bb316b20063f8d501444e3050c2425575dacf38695f207a0987,1750443552140,1750443552140,1,0,false
6a8418ea6315e2ca5b8a3c023018c7dad6db5adeb89861d59414871eae2c68a5,1750443552140,1750443552140,1,0,false
d55848fe62dab1900ae0c759384d87b9423bc9374d05968b6697e29e8283f4d6,1750443552574,1750443552574,1,0,false
fa72845101ff66a8bc68da1a636eecbda999f2876bc2c00be1df466e33fe2096,1750443552574,1750443552574,1,0,false
65bb70460d161c87c747ffab8cdabfe572e69284078db80848d1696f54ff8710,1750443552800,1750443552800,1,0,false
fe38af82be5a133466ef5ba28e0efcaeb073fd29858f4cc88e355c1daa78aaca,1750443552800,1750443552800,1,0,false
29f0c05009a006f19daf395e1628a295d2465f8bedb068376784ef0266b26724,1750443552800,1750443552800,1,0,false
156cd38ef5adf8fd328aa42629d551e998e60178f64f43350a906b9e8b27cc87,1750443552800,1750443552800,1,0,false
512cc8d39d393d47001f4905d6c8aa3564eaa6fbe9aacbfd38e677e8a0cadda9,1750443553217,1750443553217,1,0,false
ca66308212e751718153b6b1b9225a730678fbd34c0013172c2201f1e5ca5f2e,1750443553217,1750443553217,1,0,false
d839c620df382ec44980ccfd48c4a89f0abe21fff2d60e40eb956290865a7a69,1750443553217,1750443559933,2,0,false
548432f0d44ba1f129f7e0c6e616078423417043fa71826e9eda2c7fa43bc0bf,1750443553217,1750443559933,2,0,false
938c770ba827aa89f9caeda5277b526d6ded05139cc309454053fe43845b2a0f,1750443553436,1750443553436,1,0,false
2893c2f1f77c2e058b456c1afd6b1ef1ec2bab7857fde73dad856c57311087f1,1750443553436,1750443553436,1,0,false
1388ef00ce430b5705dd1bac6adc358c258a34cd71e1f6bb6e6291af7c8c3acb,1750443553436,1750443553436,1,0,false
0181797126e5ffbb1311bd7b047a84bf1e84dae126875a3061feb3fb17db8790,1750443553436,1750443553436,1,0,false
15e1c27358322609e634882df40b1439721ceb8afb90c83752e43404ce7ce555,1750443553663,1750443553663,1,0,false
379515669209eaf1eb4b6ce7683b2ab2b161c4a55e6b06b93839ca5ddb9503c0,1750443553663,1750443553663,1,0,false
fcb222763d6886448ad233b0e5fc5086e13236d67055096dbd96edca16b10b7d,1750443553663,1750443553663,1,0,false
43f28ee3305a45502ccd174d7a5dbafcf60bce6561a64a85ab5f0dfe584efc01,1750443553663,1750443553663,1,0,false
3593d885cce4ad9754b32b8cc4977ec4a47661f1453fd18e3ef564b1c7501f67,1750443553878,1750443553878,1,0,false
3ae99dcdefb23cb6018500f8131f38f211a524e312e46848199b59a0478ab241,1750443553878,1750443553878,1,0,false
b1e4c3e3c8576ba996811c097bbb23bf6447005a6d7a432ee1d59b1374abffc4,1750443553878,1750443553878,1,0,false
657eb9a3b1dab50bb75d5b93260a30e9907d566a50551021d7574150ab6d26a8,1750443553878,1750443553878,1,0,false
572ff13c7906964f098b1c86a33f54d6c9e0f4d402c68ec5fae2c7904d57618f,1750443554339,1750443554339,1,0,false
d16f0f8e3c6ac3b3ce16f0f6cfcdf06a45ee342855f69df7408f6b69a6933680,1750443554339,1750443554339,1,0,false
9dad61fe666599fd1ecd0b39d27296442b537b0c4063a21f08973219d659745b,1750443554339,1750443554339,2,0,false
f4e281c4c15187619d5f57f65805aa67b74227c9b576f4f9c31d3715b070914b,1750443554339,1750443554339,2,0,false
74086494fc6c1bcd405bb8e6d1c6f8394f7823e0d8ba9430c528d9e6af9c9e4c,1750443554601,1750443554601,1,0,false
610bb29048936924b4ee9088c5c87c91bd4858ae46601c9c268a76535ae95760,1750443554601,1750443554601,1,0,false
8c465a50d9449ba66d50aec434ea993b39bc972398f0bd57295859ce032185dc,1750443554601,1750443554601,1,0,false
afa05b9c4562fb1213a2c8da3431ee0dc61b9f1ce22639abda86fbcc757ceb5d,1750443555247,1750443555247,1,0,false
35c855feb01cbb40f84b99420f32618ec80db51dcf9976fee416de55b8d21fc0,1750443555247,1750443555247,1,0,false
6ed095f0ea2467b5c4931a42fe87bbf0e2fff5cc584304dcb677b5db1ae5a801,1750443555247,1750443555247,1,0,false
916ba7fc6880d9e75b4203acf1d2c7a898acdd6c5c33682eddf1bd9c1d9db0b2,1750443555247,1750443555247,1,0,false
b9112bcc29942c1115614efa1a344ab917dbc252497843a924df8a88a6e39263,1750443555451,1750443555451,1,0,false
91ed4051e376f32e2461f1dbb42a26331c6cf1801ed51f38187e948b378e7673,1750443555451,1750443555451,1,0,false
2f3c17318028e63b4e1945077648f5d29eaec3f0c5f8897acf0410d641a1d9a5,1750443555651,1750443555651,1,0,false
d7acc15789e17acd501322bca2060c7208c5ee15749050307994263caa7a75ba,1750443555651,1750443555651,1,0,false
bf859e30bf39cee887cf895cb7fa3b8a16fff258715420eed7cf0941f554df70,1750443556071,1750443556071,1,0,false
36deb9a07e31241b2633723d71598b2dc090cc963ded338c2bf484e451bd168e,1750443556071,1750443556071,1,0,false
4bae9802cfdcdbb3ca69934b215c90520f072bece7bdd0fc9659df1dc7b334e0,1750443556071,1750443556071,1,0,false
52f8d00c2c1e1008f6217c3612d213fd3758c152c425d96f2a2a0c3f79a29cf7,1750443556071,1750443556071,1,0,false
24e03ccf4b41c03c7b8e28a129c5a71b345cc58b970a5aa8ce91bee701294cd9,1750443556488,1750443556488,2,0,false
b8519f118eb149e96d3f2455b10b9eb7d37cfc8f20bc2ff20669a736f9875ed3,1750443556488,1750443556488,2,0,false
355e2a556acd4df238db57585702fb9e3cdf152b5cd6e2f9c8a16bbc7fcee879,1750443556488,1750443556488,1,0,false
57d75ff13fedaff8517403eda2533c8b41aeb9da5331afa7f2c0b3e055c90330,1750443556488,1750443556488,1,0,false
d8e288633b81f4d4bad2b1e74bf5f1934f4db758dfcbf687bd9fac411572f8a7,1750443556933,1750443556933,1,0,false
ada7c88a87bfe9f2adac817ea763484b52587df8a859ccb923ba23a3171b6a8a,1750443556933,1750443556933,1,0,false
b81c91fea99f2f1a2f7b1fa51830fb89bc750743950574f9eca8d623edad03c9,1750443556933,1750443556933,1,0,false
2fc573e397737075036279d835fa78c51e4b7987a35c95d0039896a50977a2c1,1750443556933,1750443556933,1,0,false
2717ddc2fb3d9a30066f97cb9b5d23704f178cc579fc037f3c97de18213501b0,1750443556933,1750443556933,1,0,false
5a8c7cc8a58b80ad0429118efde07f8ba636fc03d8b134c5ea17bac87fbf63ae,1750443556933,1750443556933,1,0,false
84deabfe22035f4186e05eb32af9429ebc61472cb1faa9af2f69425d21395292,1750443557375,1750443557375,1,0,false
102df9ffeeb4c292dba592bc8ea8a841493134cb06a948de851bfcfce17af37d,1750443557375,1750443557375,1,0,false
52193d3bfb497066e1a14ee6df2190e1a73a084bbbc8e1335daf0a86d12b6b0e,1750443557375,1750443557375,1,0,false
ced7a5caf715811f8036889d85701dca6e58fe39f6604e8f7d1a0ce1e48afff2,1750443557597,1750443557597,1,0,false
9d048fc14579c42f836a76ee2e855a82f2114e7c90c927951b6b919f3196c213,1750443557597,1750443557597,1,0,false
ae3a5e4fb81847ca25b551de549c069d747cd6bc1895fb6e973f4cc0389e72da,1750443557597,1750443557597,1,0,false
e33b2a12fefb65d1a0fe5ef12fabf611469cc35b1aa325ff4dee88c952428372,1750443557597,1750443557597,1,0,false
8d9a326369662813d47ed2903f9711689e6f58e2e28a2213d98d1cbedfe7a56f,1750443557811,1750443557811,1,0,false
d15f41f1eda41782529aa449153cdb83dae3036024ef89a54cbea7999c342dd5,1750443557811,1750443557811,1,0,false
2df23b92cc40d979aa62ee46ca2fdce27e3db437b3834dcca3636453a0871364,1750443558082,1750443558082,1,0,false
00e1cbe21d023cf60adf7abb87519f12dfb3d4bb0da19087d83a90abb0741228,1750443558082,1750443558082,1,0,false
229600c30980bf0d133112c066aee4cadc86e56c0b19c443a230fd2e98933d10,1750443558082,1750443558082,1,0,false
80cb78567ab2484113564e27dd08e1454d48709746200cfd3a6408a5a68e312b,1750443558082,1750443558082,1,0,false
df31c117864a6441e328fc20469febcd4f1326c9299d6e3999be25a6f1206f6c,1750443558521,1750443558521,1,0,false
a7aef1dca81f5f648d03cab71fa10fe9152edd080895cb8a9a501b50f6609d1d,1750443558521,1750443558521,1,0,false
54bcf67ad667c051ef6a9ed6842631cc8d2856b14250080300a133ad8181bb59,1750443558521,1750443558521,1,0,false
b0b7908ab90bcb6ecd239548259e75aef023ac59779c84c4bb491553605e7cf2,1750443558521,1750443558521,1,0,false
958be62234a482a7c3b4a7f74da59a159005f22ddd5aaf7c42766c54fcea8bd6,1750443558521,1750443558521,1,0,false
7fd4bd20789e2776abbbe376f7bc179d513c566bd20b4506a08e1015982fc2ea,1750443558521,1750443558521,1,0,false
4c63fe46c285e44d5ac0f6a510c11276705da57da2a95d464dad5114b781a371,1750443558521,1750443558521,1,0,false
374db5534355086feb51687c983d3a8ea8d32a800c9e3298beef35583ccea2fb,1750443558521,1750443558521,1,0,false
7e9b5f8799760a2a942b693e3423d63a5133026a4f82ce59a090767cf7347f07,1750443558757,1750443558757,1,0,false
d1dc1994eace74b5fc9583d49f848c0c6b4d25073d11780c75866f91497bafb0,1750443558757,1750443558757,1,0,false
018259652635284682d762b93b9e7a71b6f704a98dc2451f068d9e04367adce4,1750443559195,1750443559195,1,0,false
725a3b0efec8783799791cf73157d7c5d69c9bfa8250713d8f0645b4aacdc161,1750443559195,1750443559195,1,0,false
05b8fadfbbe2383aa57b4554279b0c0b43e5b977decb604cc78269ad9dfb5d73,1750443559691,1750443559691,1,0,false
c5286661a843e589286796be1962ba8c913d2e54d402978274ae085b7d70a83c,1750443559691,1750443559691,1,0,false
5d15dc3ad9de0f8af2ef89746100c3fbf4f52b960013272ee0a661945d5c1deb,1750443559691,1750443559691,1,0,false
9966e20b37c8648023a5266e049b5f7a8bbfae87530bfe8511578fa8c0b139a5,1750443559691,1750443559691,1,0,false
4ac953c523e0415f824a47d34a1aa6e71dbd2435ea74a480527abf9a2788b29d,1750443560176,1750443560176,1,0,false
31ac0d092e20905dd8097a52ad72ad08f195747d842d29c0d81d1d5a25e1615b,1750443560176,1750443560176,1,0,false
9a3ead15f8708ba3f54c1bc0dc3f1ae8c5e28fcee9eba2db5b4e2ee25a3fba25,1750443560849,1750443560849,2,0,false
56fcf9e21c91fe2ea1b1486cf30fb7bbe86c957d885b75e633544e2309eb2f0c,1750443560849,1750443560849,2,0,false
6eba4a344cc624f226a4b9f696a5bc06270e4fd4adb9d0faa58317e7c205dd89,1750443560849,1750443560849,1,0,false
3b18457e1ad706f737d9991a528d74226a238be29ae739425947009c268cf80f,1750443560849,1750443560849,1,0,false
1e6fda63654f3f861daaca8703d1f96f43f5087ed4be73ed62432389acf26176,1750443561050,1750443561050,1,0,false
a0639e7e17866dea332a949c4ee66fa7f438b949603a25acd8eed01a2aa1892c,1750443561050,1750443561050,1,0,false
4d1929fbe7cef5acb184a08f4fc0879cef076e8d5f195fad2d9282f4e1c3dbf6,1750443561050,1750443561050,1,0,false
28a7eb2991f8fcd5529b1f5a7152fdb2c8f17a10066900c919cc1d7bf26ccacc,1750443561506,1750443561506,1,0,false
aa2725c77046b80a87bb217a09b6c776646985b6eb29f92f0244569c33031497,1750443561506,1750443561506,1,0,false
a57ca2aed51b64fecf75c93f8f2fc29f4786680fe596e8df1e0204c6b62b6c8c,1750443561506,1750443561506,1,0,false
2344b61f4dc23ec9f3a7d6b2bd118e920f5b71c142b14680d5f0c7d71755a434,1750443561506,1750443561506,1,0,false
d019097acb1328173d1afdb820c1569bc81cb73a574f8144e33ff9a964406bab,1750443561506,1750443561506,1,0,false
08f5af5c3057b365f7a6d0dfc125b9e0f83883e44f242f51a5d4e8d92238a7c0,1750443561506,1750443561506,1,0,false
3e6e15b4798311170d4d5006bef2546cd0607dc7714b94dc82bcc22bc8cb8fe8,1750443561506,1750443561506,1,0,false
21866f7b8b51b81d6f781b98e82facadef83d62f7c342eec85a4b8258bb8f535,1750443561506,1750443561506,1,0,false
d594601d0eead34e015cfec136ca35e410fbd5443937ebbb86766f6c1591f4fd,1750443561706,1750443561706,1,0,false
5be0ca6d1abdf3c1ebc9f5298fc49332253cd807cc572a8f9863cd6d17ea3a60,1750443561706,1750443561706,1,0,false
489297285f11bfdb5c67f6c2ca050837fd261b41aa791517f869233d80f1e7b3,1750443561943,1750443561943,1,0,false
669f5681a4cf98f170d2418d848ad9c4847195a8f1bef716c007f221bdcac8c1,1750443561943,1750443561943,1,0,false
81909d7b66a210981a0197660257829a6487af1fce60d7f0b24cad06e56554c8,1750443561943,1750443561943,1,0,false
2bfcff2d4dd1e08b824605fa424e361126790f500bba843dae42613cdd8a71f0,1750443561943,1750443561943,1,0,false
